resume_id,factor,variant_description
r1,skill_phrasing,Literal skill matching (JD keyword-aligned phrasing).
r2,skill_phrasing,"Semantic skill framing (same meaning, different wording)."
r3,resume_structure,Chronological ordering: Experience → Education → Skills.
r4,resume_structure,Skills-first ordering: Skills → Experience → Education.
r5,employment_gap,Continuous employment timeline (no gap).
r6,employment_gap,Employment gap inserted (Career Break 2021–2022).
r7,degree_origin,U.S. degree credential listed.
r8,degree_origin,Non-U.S. degree credential listed.
