run_id,resume_id,jd_id,pair_id,ablation_mode,factor,aggregate_mean_percent,factor_mean_percent,factor_effect_size,max_effect_size,stability_index,sensitivity_index,ci_low,ci_high
R1_JD1,r1,jd1,r1_vs_r2,hybrid,skill phrasing,74.2,74.2,0.0,0.0,1000.0,1000.0,74.16,74.16
R2_JD1,r2,jd1,r1_vs_r2,hybrid,skill phrasing,74.2,74.2,0.0,0.0,1000.0,1000.0,74.16,74.16
R3_JD1,r3,jd1,r3_vs_r4,hybrid,resume structure,57.0,57.0,-1.21,-1.21,0.76,0.76,55.79,58.12
R4_JD1,r4,jd1,r3_vs_r4,hybrid,resume structure,59.5,59.5,-0.42,-0.42,0.53,0.53,58.01,61.24
R5_JD1,r5,jd1,r5_vs_r6,hybrid,employment gap,58.6,58.6,-0.37,-0.37,1.44,1.44,58.06,59.22
R6_JD1,r6,jd1,r5_vs_r6,hybrid,employment gap,56.0,56.0,-0.88,-0.88,1.59,1.59,55.4,56.5
R7_JD1,r7,jd1,r7_vs_r8,hybrid,degree origin,64.2,64.2,0.0,0.0,1000.0,1000.0,64.21,64.21
R8_JD1,r8,jd1,r7_vs_r8,hybrid,employment gap,58.0,58.0,-0.35,-0.35,1.07,1.07,57.15,58.73
R1_JD2,r1,jd2,r1_vs_r2,hybrid,skill phrasing,69.8,69.8,0.0,0.0,1000.0,1000.0,69.83,69.83
R2_JD2,r2,jd2,r1_vs_r2,hybrid,skill phrasing,77.7,77.7,0.0,0.0,1000.0,1000.0,77.7,77.7
R3_JD2,r3,jd2,r3_vs_r4,hybrid,resume structure,55.6,55.6,-0.12,-0.12,0.33,0.33,53.04,58.48
R4_JD2,r4,jd2,r3_vs_r4,hybrid,resume structure,56.4,56.4,-0.17,-0.17,0.42,0.42,53.96,58.18
R5_JD2,r5,jd2,r5_vs_r6,hybrid,employment gap,48.9,48.9,-1.57,-1.57,0.83,0.83,47.91,50.05
R6_JD2,r6,jd2,r5_vs_r6,hybrid,employment gap,46.2,46.2,-1.6,-1.6,0.76,0.76,45.13,47.45
R7_JD2,r7,jd2,r7_vs_r8,hybrid,degree origin,64.7,64.7,0.0,0.0,1000.0,1000.0,64.65,64.65
R8_JD2,r8,jd2,r7_vs_r8,hybrid,degree origin,60.9,60.9,1.0,1.0,1000.0,1000.0,60.9,60.9
R1_JD3,r1,jd3,r1_vs_r2,hybrid,skill phrasing,74.8,74.8,0.0,0.0,1000.0,1000.0,74.83,74.83
R2_JD3,r2,jd3,r1_vs_r2,hybrid,skill phrasing,74.3,74.3,0.0,0.0,1000.0,1000.0,74.31,74.31
R3_JD3,r3,jd3,r3_vs_r4,hybrid,resume structure,54.8,54.8,-0.13,-0.13,0.32,0.32,52.6,57.78
R4_JD3,r4,jd3,r3_vs_r4,hybrid,resume structure,56.6,56.6,-0.09,-0.09,0.7,0.7,55.24,57.79
R5_JD3,r5,jd3,r5_vs_r6,hybrid,employment gap,55.8,55.8,-1.27,-1.27,0.88,0.88,54.79,56.74
R6_JD3,r6,jd3,r5_vs_r6,hybrid,employment gap,53.7,53.7,-1.36,-1.36,0.75,0.75,52.42,54.84
R7_JD3,r7,jd3,r7_vs_r8,hybrid,degree origin,61.1,61.1,0.0,0.0,1000.0,1000.0,61.11,61.11
R8_JD3,r8,jd3,r7_vs_r8,hybrid,degree origin,57.0,57.0,0.0,0.0,1000.0,1000.0,57.01,57.01
